{"deltakere":1062,"antallFisk":106,"samletLengde":15585,"snittLengde":147.028301886792,"fiskelykke":42,"prosentMedFisk":3.95480225988701,"sistOppdatert":"07.03.2026 12:34"}
