{"deltakere":161,"antallFisk":15,"samletLengde":5915,"snittLengde":394.333333333333,"fiskelykke":9,"prosentMedFisk":5.59006211180124,"sistOppdatert":"05.03.2026 14:12"}
