{"deltakere":1062,"antallFisk":71,"samletLengde":10490,"snittLengde":147.746478873239,"fiskelykke":32,"prosentMedFisk":3.01318267419962,"sistOppdatert":"07.03.2026 12:23"}
