{"deltakere":1077,"antallFisk":282,"samletLengde":39584,"snittLengde":140.368794326241,"fiskelykke":93,"prosentMedFisk":8.63509749303621,"sistOppdatert":"07.03.2026 14:17"}
