{"deltakere":1077,"antallFisk":240,"samletLengde":34346,"snittLengde":143.108333333333,"fiskelykke":80,"prosentMedFisk":7.4280408542247,"sistOppdatert":"07.03.2026 13:36"}
