{"deltakere":1062,"antallFisk":156,"samletLengde":22811,"snittLengde":146.224358974359,"fiskelykke":56,"prosentMedFisk":5.27306967984934,"sistOppdatert":"07.03.2026 12:49"}
