{"deltakere":1077,"antallFisk":265,"samletLengde":37597,"snittLengde":141.875471698113,"fiskelykke":88,"prosentMedFisk":8.17084493964717,"sistOppdatert":"07.03.2026 13:52"}
