{"deltakere":326,"antallFisk":17,"samletLengde":6021,"snittLengde":354.176470588235,"fiskelykke":9,"prosentMedFisk":2.76073619631902,"sistOppdatert":"06.03.2026 18:29"}
