{"deltakere":1062,"antallFisk":126,"samletLengde":18322,"snittLengde":145.412698412698,"fiskelykke":49,"prosentMedFisk":4.61393596986817,"sistOppdatert":"07.03.2026 12:41"}
