{"deltakere":1076,"antallFisk":182,"samletLengde":26057,"snittLengde":143.17032967033,"fiskelykke":69,"prosentMedFisk":6.41263940520446,"sistOppdatert":"07.03.2026 13:06"}
