{"deltakere":161,"antallFisk":17,"samletLengde":6021,"snittLengde":354.176470588235,"fiskelykke":9,"prosentMedFisk":5.59006211180124,"sistOppdatert":"06.03.2026 18:25"}
