{"deltakere":1076,"antallFisk":219,"samletLengde":31692,"snittLengde":144.712328767123,"fiskelykke":78,"prosentMedFisk":7.24907063197026,"sistOppdatert":"07.03.2026 13:26"}
