{"deltakere":1077,"antallFisk":275,"samletLengde":38838,"snittLengde":141.229090909091,"fiskelykke":89,"prosentMedFisk":8.26369545032498,"sistOppdatert":"07.03.2026 13:56"}
