{"deltakere":1074,"antallFisk":180,"samletLengde":25621,"snittLengde":142.338888888889,"fiskelykke":67,"prosentMedFisk":6.23836126629423,"sistOppdatert":"07.03.2026 13:04"}
