{"deltakere":1074,"antallFisk":159,"samletLengde":23155,"snittLengde":145.62893081761,"fiskelykke":59,"prosentMedFisk":5.49348230912477,"sistOppdatert":"07.03.2026 12:53"}
