{"deltakere":1053,"antallFisk":44,"samletLengde":6680,"snittLengde":151.818181818182,"fiskelykke":19,"prosentMedFisk":1.80436847103514,"sistOppdatert":"07.03.2026 12:18"}
