{"deltakere":116,"antallFisk":9,"samletLengde":4659,"snittLengde":517.666666666667,"fiskelykke":8,"prosentMedFisk":6.89655172413793,"sistOppdatert":"03.03.2026 19:13"}
