{"deltakere":110,"antallFisk":9,"samletLengde":4659,"snittLengde":517.666666666667,"fiskelykke":8,"prosentMedFisk":7.27272727272727,"sistOppdatert":"03.03.2026 19:08"}
